[
	{
		"function": "set_name",
		"name": {
			"translate": "sb.book.title",
			"text": "Statistics Book",
			"italic": false,
			"color": "gold"
		}
	},
	{
		"function": "set_lore",
		"lore": [
			{
				"translate": "sb.book.lore.1",
				"text": "Automatically lists everyones statistic."
			},
			{
				"translate": "sb.book.lore.2",
				"text": "Needs to be placed in lectern."
			},
			{
				"translate": "sb.book.lore.3",
				"text": "Tracked statistic:"
			},
			{
				"nbt": "newBook.value",
				"storage": "sb:tmp"
			}
		],
		"entity": "this",
		"mode": "replace_all"
	},
	{
		"function": "set_custom_data",
		"tag": "{statBook: true}"
	},
	{
		"function": "copy_custom_data",
		"source": {
			"type": "storage",
			"source": "sb:tmp"
		},
		"ops": [
			{
				"source": "newBook.value",
				"target": "stat",
				"op": "replace"
			}
		]
	},
	{
		"function": "set_written_book_pages",
		"pages": [],
		"mode": "replace_all"
	}
]